{
  "results": [
    {
      "command": "asdf where nodejs",
      "mean": 0.014536876023809531,
      "stddev": 0.00022554293834913604,
      "median": 0.014488876500000001,
      "user": 0.011369480952380957,
      "system": 0.003458147619047619,
      "min": 0.014093562,
      "max": 0.015265962000000001,
      "times": [
        0.014246245000000001,
        0.014384519,
        0.014411276,
        0.014093562,
        0.014413399,
        0.014260958,
        0.014360307000000001,
        0.014362398,
        0.014584425000000002,
        0.014593342,
        0.01467678,
        0.014456432000000002,
        0.014604652000000001,
        0.014801865,
        0.014881729000000002,
        0.014570902,
        0.014566155,
        0.014521393,
        0.014565741,
        0.014541917000000001,
        0.014330829000000002,
        0.014757443,
        0.014473746000000001,
        0.014785129000000001,
        0.014467814,
        0.014390779000000001,
        0.014791297,
        0.014697912,
        0.014533422,
        0.014684993,
        0.014296736,
        0.014350095,
        0.014772597,
        0.014934145000000001,
        0.014580651000000002,
        0.014412056000000001,
        0.014570538000000001,
        0.014594194000000001,
        0.014393425000000001,
        0.014248808000000002,
        0.015184098000000002,
        0.014300214,
        0.014603524000000001,
        0.01428209,
        0.014399551000000002,
        0.014579922,
        0.014357907000000001,
        0.014590108000000001,
        0.014496537,
        0.014593359,
        0.014819526000000001,
        0.01442406,
        0.014920312000000002,
        0.014130302,
        0.015265962000000001,
        0.014621537,
        0.01434146,
        0.014241584000000002,
        0.014358547000000001,
        0.014598388,
        0.014239471,
        0.014418817,
        0.015022167000000001,
        0.014377196,
        0.014669664,
        0.01434411,
        0.014592803000000001,
        0.014475375,
        0.014514532,
        0.01443372,
        0.014604486000000002,
        0.014202885,
        0.014678081,
        0.014455527000000001,
        0.014536909,
        0.01456833,
        0.014310714,
        0.014428285,
        0.014378304000000001,
        0.014676303000000002,
        0.01426697,
        0.014885122,
        0.014207289000000001,
        0.014616649,
        0.014420212000000002,
        0.014573141000000001,
        0.014634866000000002,
        0.014804852,
        0.014367777000000002,
        0.014562063,
        0.014632008,
        0.014672713,
        0.014754831000000001,
        0.014429226000000002,
        0.014474228,
        0.014459903000000001,
        0.014262389,
        0.014382863000000001,
        0.014608867000000001,
        0.014967101000000002,
        0.014840074000000002,
        0.014383503,
        0.014940954000000001,
        0.014963433000000002,
        0.014818314,
        0.014235058,
        0.015098958,
        0.014412637,
        0.014946780000000002,
        0.014494173,
        0.014962357,
        0.014377431000000001,
        0.014225139000000001,
        0.014277314000000001,
        0.014653364,
        0.014430082,
        0.014763506000000001,
        0.014426301,
        0.014417362000000001,
        0.014365463,
        0.014512579000000001,
        0.014333128,
        0.014268585,
        0.014351687,
        0.014445833000000002,
        0.01483363,
        0.014138540000000002,
        0.014490633000000001,
        0.014411674000000001,
        0.014491901000000001,
        0.014405172,
        0.014704846,
        0.014569749000000002,
        0.014823547000000001,
        0.014358314,
        0.014458203000000001,
        0.014245424000000001,
        0.014394165,
        0.014297785,
        0.014482383000000001,
        0.014326715,
        0.015006384000000001,
        0.014336987,
        0.01422813,
        0.014829050000000002,
        0.014349621000000002,
        0.014312370000000001,
        0.014226415000000001,
        0.015108804000000002,
        0.014383672,
        0.014499317000000001,
        0.014421238000000001,
        0.014738458000000001,
        0.014355863000000002,
        0.014442804,
        0.014796824,
        0.014589839,
        0.014417128000000001,
        0.014318645000000001,
        0.014320342000000002,
        0.014964188000000002,
        0.014648331,
        0.014678010000000002,
        0.014487120000000001,
        0.014434101000000001,
        0.014448524,
        0.014662607000000001,
        0.014559084000000002,
        0.014480890000000001,
        0.014285613,
        0.014760406,
        0.014742695,
        0.014370449,
        0.01446613,
        0.014326979,
        0.014454545000000001,
        0.014382441000000001,
        0.014744665,
        0.014552385000000001,
        0.014568580000000001,
        0.014409004000000001,
        0.014373797,
        0.014391654,
        0.014274112,
        0.014994111000000001,
        0.014494066000000002,
        0.014270946000000001,
        0.014987760000000001,
        0.014990939000000002,
        0.014401132,
        0.014892984000000001,
        0.014233282000000002,
        0.014827003,
        0.014302942,
        0.014467103,
        0.014357796,
        0.014550686,
        0.014764656000000001,
        0.014590233000000001,
        0.014727697000000001,
        0.014920834000000001,
        0.014510755,
        0.014614187,
        0.01468937,
        0.015003405000000001,
        0.014484527,
        0.014568013000000001,
        0.014609097000000001,
        0.014522085,
        0.014459116000000001
      ],