{
  "results": [
    {
      "command": "asdf reshim",
      "mean": 2.5999414193,
      "stddev": 0.02976262195491737,
      "median": 2.5932717915000003,
      "user": 2.2963183999999996,
      "system": 0.5593406,
      "min": 2.5704064840000003,
      "max": 2.657036687,
      "times": [
        2.657036687,
        2.590973682,
        2.595569901,
        2.612491704,
        2.644686903,
        2.575269138,
        2.575777999,
        2.580503531,
        2.5704064840000003,
        2.596698164
      ],
      "exit_codes": [
        0,
        0,
        0,
        0,
        0,
        0,
        0,
        0,
        0,
        0
      ]
    }
  ]
}
