{
  "results": [
    {
      "command": "asdf exec node -v",
      "mean": 0.05445281872727272,
      "stddev": 0.0005848955794611569,
      "median": 0.054402325,
      "user": 0.051629036363636346,
      "system": 0.012611363636363629,
      "min": 0.053375324,
      "max": 0.056124914000000005,
      "times": [
        0.054527798,
        0.055211381000000004,
        0.054442907000000006,
        0.054317411,
        0.054904445,
        0.055017167000000006,
        0.054452351,
        0.055196953,
        0.053474673,
        0.053407844,
        0.055157332,
        0.055056587000000004,
        0.056124914000000005,
        0.054808866000000005,
        0.054380318000000004,
        0.054581504,
        0.054749125,
        0.055132202000000005,
        0.05428836200000001,
        0.054285248,
        0.054191677,
        0.055081050000000006,
        0.053612893,
        0.055335252,
        0.053994017000000005,
        0.053936391,
        0.054456750000000005,
        0.05388646800000001,
        0.054402325,
        0.054030993000000006,
        0.054987310000000005,
        0.054281045,
        0.053806957,
        0.055292589,
        0.054452608000000007,
        0.054681294000000005,
        0.055772657,
        0.054117009,
        0.054026910000000004,
        0.053688836000000004,
        0.054173638,
        0.054120578,
        0.054854109000000005,
        0.053375324,
        0.054526775000000006,
        0.053859288000000005,
        0.053709794000000005,
        0.054396922,
        0.054542049,
        0.054332098,
        0.054039198000000004,
        0.053834147000000006,
        0.054097101,
        0.054802256,
        0.054689334000000006
      ],
      "exit_codes": [
        0,
        0,
        0,
        0,
        0,
        0,
        0,
        0,
        0,
        0,
        0,
        0,
        0,
        0,
        0,
        0,
        0,
        0,
        0,
        0,
        0,
        0,
        0,
        0,
        0,
        0,
        0,
        0,
        0,
        0,
        0,
        0,
        0,
        0,
        0,
        0,
        0,
        0,
        0,
        0,
        0,
        0,
        0,
        0,
        0,
        0,
        0,
        0,
        0,
        0,
        0,
        0,
        0,
        0,
        0
      ]
    }
  ]
}
