{
  "results": [
    {
      "command": "asdf exec node -v",
      "mean": 0.061837390690476196,
      "stddev": 0.005167287846753507,
      "median": 0.0606276295,
      "user": 0.051968642857142845,
      "system": 0.014060690476190473,
      "min": 0.053978266000000004,
      "max": 0.074510272,
      "times": [
        0.070541306,
        0.063264898,
        0.059129531000000006,
        0.061870472,
        0.065712887,
        0.056512667,
        0.07055270000000001,
        0.065214653,
        0.058969894,
        0.061356163000000005,
        0.059456514,
        0.058626792000000004,
        0.064230138,
        0.05857898500000001,
        0.06467104900000001,
        0.059744900000000004,
        0.07219510400000001,
        0.063519013,
        0.061466108000000005,
        0.057415736,
        0.060210563,
        0.073254607,
        0.056113418000000005,
        0.057612784,
        0.05971991,
        0.074510272,
        0.060721565000000005,
        0.057350464000000004,
        0.06138201200000001,
        0.05877744100000001,
        0.073917129,
        0.058853737,
        0.060652657000000006,
        0.05729911,
        0.057684661000000005,
        0.053978266000000004,
        0.06272282700000001,
        0.056791676000000006,
        0.06360460700000001,
        0.056405648,
        0.060602602000000005,
        0.061974943000000005
      ],
      "exit_codes": [
        0,
        0,
        0,
        0,
        0,
        0,
        0,
        0,
        0,
        0,
        0,
        0,
        0,
        0,
        0,
        0,
        0,
        0,
        0,
        0,
        0,
        0,
        0,
        0,
        0,
        0,
        0,
        0,
        0,
        0,
        0,
        0,
        0,
        0,
        0,
        0,
        0,
        0,
        0,
        0,
        0,
        0
      ]
    }
  ]
}
