{
  "results": [
    {
      "command": "asdf which node",
      "mean": 0.03540848913414636,
      "stddev": 0.0008279317858360214,
      "median": 0.035258767999999996,
      "user": 0.03528540243902439,
      "system": 0.00827871951219512,
      "min": 0.03377786,
      "max": 0.037056276,
      "times": [
        0.036521722,
        0.037056276,
        0.036544683,
        0.03661297,
        0.036634517000000005,
        0.035283439,
        0.034372892,
        0.034686346,
        0.034262121,
        0.033926159000000004,
        0.035039603,
        0.034467517,
        0.035028912,
        0.034220834000000006,
        0.034189384,
        0.034551942,
        0.034390475000000004,
        0.034730950000000003,
        0.034713352,
        0.034601572000000004,
        0.03408386,
        0.034545684,
        0.034567688,
        0.034016025000000005,
        0.03377786,
        0.036525095,
        0.036645704,
        0.036124977,
        0.034939184000000005,
        0.036089198,
        0.036990767,
        0.036232026,
        0.036813705,
        0.036552232000000004,
        0.035903256,
        0.034714564,
        0.035217334,
        0.035297093,
        0.036007663,
        0.035834414,
        0.035535752000000004,
        0.035063319,
        0.036083095,
        0.034560487,
        0.035348373,
        0.035057238000000004,
        0.035423239,
        0.034771866000000005,
        0.035194798,
        0.035511125000000004,
        0.035126498,
        0.035042734,
        0.035562996,
        0.035234097,
        0.036641062,
        0.036239738,
        0.036001625,
        0.036600877000000004,
        0.035967546,
        0.036115827,
        0.03619767,
        0.035135378,
        0.035560062,
        0.035169067000000005,
        0.035855367,
        0.034956970000000004,
        0.035630621,
        0.035232881,
        0.036354933,
        0.035680413,
        0.036531155,
        0.034997955000000004,
        0.035664865000000004,
        0.035429890000000006,
        0.035060153000000004,
        0.03618408,
        0.034389501,
        0.03480585,
        0.034858766,
        0.034941693,
        0.034568224,
        0.036494328
      ],
      "exit_codes": [
        0,
        0,
        0,
        0,
        0,
        0,
        0,
        0,
        0,
        0,
        0,
        0,
        0,
        0,
        0,
        0,
        0,
        0,
        0,
        0,
        0,
        0,
        0,
        0,
        0,
        0,
        0,
        0,
        0,
        0,
        0,
        0,
        0,
        0,
        0,
        0,
        0,
        0,
        0,
        0,
        0,
        0,
        0,
        0,
        0,
        0,
        0,
        0,
        0,
        0,
        0,
        0,
        0,
        0,
        0,
        0,
        0,
        0,
        0,
        0,
        0,
        0,
        0,
        0,
        0,
        0,
        0,
        0,
        0,
        0,
        0,
        0,
        0,
        0,
        0,
        0,
        0,
        0,
        0,
        0,
        0,
        0
      ]
    }
  ]
}
