{
  "results": [
    {
      "command": "asdf which node",
      "mean": 0.03903787831944444,
      "stddev": 0.003794075511932336,
      "median": 0.038576256,
      "user": 0.03439113888888887,
      "system": 0.009126069444444442,
      "min": 0.033680809,
      "max": 0.050819433000000004,
      "times": [
        0.041356195000000005,
        0.037576664,
        0.040704877,
        0.043124326000000004,
        0.039647661,
        0.044970315000000004,
        0.03852117,
        0.042046732,
        0.036466209,
        0.042757362,
        0.039278149000000005,
        0.036184537,
        0.050819433000000004,
        0.038631342,
        0.040403528,
        0.040217724,
        0.039283395000000006,
        0.037148745000000004,
        0.049957419,
        0.036635509000000004,
        0.039299975,
        0.042251225,
        0.038882371000000006,
        0.038991251000000005,
        0.035821803,
        0.040496807,
        0.039223542,
        0.035514993,
        0.035639509,
        0.037081326000000005,
        0.040547387000000004,
        0.037066793,
        0.046095608,
        0.048522609,
        0.047002292,
        0.041549282,
        0.036202984,
        0.045083910000000005,
        0.037002522,
        0.037053404000000005,
        0.035590156000000005,
        0.040121686000000004,
        0.035629331,
        0.035811562000000005,
        0.036331432000000004,
        0.03731741,
        0.036792472,
        0.033844045,
        0.035330167,
        0.038074846,
        0.041219712000000006,
        0.035303636,
        0.03928815,
        0.038820173,
        0.042260477000000005,
        0.03440776,
        0.040734967000000004,
        0.033680809,
        0.040468749000000005,
        0.034311591,
        0.037400731,
        0.033846618,
        0.03770175,
        0.040825425000000005,
        0.044155006000000004,
        0.035952831000000005,
        0.034491146,
        0.036288918,
        0.034486313000000005,
        0.041244045,
        0.037307039,
        0.036627401000000004
      ],
      "exit_codes": [
        0,
        0,
        0,
        0,
        0,
        0,
        0,
        0,
        0,
        0,
        0,
        0,
        0,
        0,
        0,
        0,
        0,
        0,
        0,
        0,
        0,
        0,
        0,
        0,
        0,
        0,
        0,
        0,
        0,
        0,
        0,
        0,
        0,
        0,
        0,
        0,
        0,
        0,
        0,
        0,
        0,
        0,
        0,
        0,
        0,
        0,
        0,
        0,
        0,
        0,
        0,
        0,
        0,
        0,
        0,
        0,
        0,
        0,
        0,
        0,
        0,
        0,
        0,
        0,
        0,
        0,
        0,
        0,
        0,
        0,
        0,
        0
      ]
    }
  ]
}
