{
  "results": [
    {
      "command": "asdf where nodejs",
      "mean": 0.016945427492957747,
      "stddev": 0.007380100754042217,
      "median": 0.015827566,
      "user": 0.011008802816901407,
      "system": 0.004787795774647888,
      "min": 0.01459999,
      "max": 0.096895796,
      "times": [
        0.020993727,
        0.021387640000000003,
        0.015357138000000001,
        0.015296889000000001,
        0.019031894,
        0.014985877000000002,
        0.018656686000000002,
        0.015250949000000001,
        0.015232643,
        0.015897906,
        0.021764093,
        0.015472707,
        0.015543687,
        0.014666617000000002,
        0.015945146,
        0.016338798,
        0.021153710000000003,
        0.014935562000000001,
        0.015384686000000002,
        0.018704029,
        0.014989884,
        0.014979546000000002,
        0.015711529000000002,
        0.015079676,
        0.01459999,
        0.016528656000000003,
        0.016030745000000002,
        0.015516064000000001,
        0.016178790000000002,
        0.015977789000000003,
        0.015178308000000001,
        0.016162811000000003,
        0.096895796,
        0.045958103,
        0.015285058,
        0.01686042,
        0.014689394000000001,
        0.014934769,
        0.015522071,
        0.014859956,
        0.014901091000000002,
        0.014956511,
        0.014742910000000001,
        0.01510674,
        0.014851534000000001,
        0.015060031000000001,
        0.021711559000000002,
        0.015417477,
        0.015097893000000001,
        0.014844534000000001,
        0.015088129,
        0.016677428,
        0.018589817,
        0.01540551,
        0.015131389,
        0.016215918,
        0.016171728,
        0.016189811000000002,
        0.017602607000000003,
        0.015630043,
        0.015440613,
        0.015764716,
        0.015616509,
        0.016341729,
        0.016122979000000003,
        0.016486846,
        0.016309922,
        0.016288266000000003,
        0.016793299,
        0.016865526000000002,
        0.015549450000000001,
        0.015622956,
        0.016045029000000002,
        0.015451752000000001,
        0.01580428,
        0.015665583,
        0.016574258,
        0.015291293000000001,
        0.016544499,
        0.015463783000000002,
        0.015873407000000003,
        0.015828471,
        0.015827702000000003,
        0.017368786,
        0.015737624000000002,
        0.016409015000000002,
        0.016301604,
        0.016118087,
        0.015423554,
        0.015795036000000002,
        0.015505412000000001,
        0.016261439000000003,
        0.022573396000000003,
        0.016206949000000002,
        0.015965663,
        0.016203475000000002,
        0.015314778000000001,
        0.0159879,
        0.015620274000000002,
        0.015915059000000002,
        0.016054842,
        0.0172098,
        0.016807966,
        0.01667199,
        0.015394383000000001,
        0.01582743,
        0.015480435,
        0.016026468000000002,
        0.016210230000000003,
        0.015314222,
        0.015635411000000002,
        0.015664257,
        0.015299124,
        0.015029282000000001,
        0.016151256000000003,
        0.016258790000000002,
        0.015729888,
        0.015757979000000002,
        0.015163675000000001,
        0.015653814000000002,
        0.025631999000000003,
        0.015541261,
        0.015521864000000002,
        0.01588479,
        0.016070192,
        0.016146535,
        0.015900392,
        0.016817041,
        0.015926866,
        0.015834089000000003,
        0.015468699,
        0.016091452000000003,
        0.015857525,
        0.015282950000000002,
        0.015589500000000001,
        0.016036359,
        0.016764615,
        0.015173091000000001,
        0.016412859000000002,
        0.015695223,
        0.016259165000000003,
        0.015389677000000001
      ],
      "exit_codes": [
        0,
        0,
        0,
        0,
        0,
        0,
        0,
        0,
        0,
        0,
        0,
        0,
        0,
        0,
        0,
        0,
        0,
        0,
        0,
        0,
        0,
        0,
        0,
        0,
        0,
        0,
        0,
        0,
        0,
        0,
        0,
        0,
        0,
        0,
        0,
        0,
        0,
        0,
        0,
        0,
        0,
        0,
        0,
        0,
        0,
        0,
        0,
        0,
        0,
        0,
        0,
        0,
        0,
        0,
        0,
        0,
        0,
        0,
        0,
        0,
        0,
        0,
        0,
        0,
        0,
        0,
        0,
        0,
        0,
        0,
        0,
        0,
        0,
        0,
        0,
        0,
        0,
        0,
        0,
        0,
        0,
        0,
        0,
        0,
        0,
        0,
        0,
        0,
        0,
        0,
        0,
        0,
        0,
        0,
        0,
        0,
        0,
        0,
        0,
        0,
        0,
        0,
        0,
        0,
        0,
        0,
        0,
        0,
        0,
        0,
        0,
        0,
        0,
        0,
        0,
        0,
        0,
        0,
        0,
        0,
        0,
        0,
        0,
        0,
        0,
        0,
        0,
        0,
        0,
        0,
        0,
        0,
        0,
        0,
        0,
        0,
        0,
        0,
        0,
        0,
        0,
        0
      ]
    }
  ]
}
