{
  "results": [
    {
      "command": "asdf list all nodejs",
      "mean": 0.06409617819148937,
      "stddev": 0.0004868794077253458,
      "median": 0.06408174,
      "user": 0.04850419148936171,
      "system": 0.01812085106382979,
      "min": 0.063056388,
      "max": 0.065641788,
      "times": [
        0.063733606,
        0.064229251,
        0.064340091,
        0.064326927,
        0.064083945,
        0.06382066,
        0.06342239100000001,
        0.064977331,
        0.064527411,
        0.064229437,
        0.06416558,
        0.063981431,
        0.064106886,
        0.06410639800000001,
        0.063941389,
        0.064238846,
        0.064540134,
        0.064039407,
        0.063727408,
        0.063951383,
        0.06343994700000001,
        0.065641788,
        0.064720891,
        0.064894145,
        0.064334707,
        0.064375666,
        0.06399001800000001,
        0.064343574,
        0.06340849600000001,
        0.06393058,
        0.064081919,
        0.06449863900000001,
        0.06408174,
        0.063962261,
        0.06328218000000001,
        0.064961843,
        0.063792864,
        0.063758645,
        0.063833602,
        0.064534714,
        0.06384395200000001,
        0.06379372400000001,
        0.06368135700000001,
        0.063605377,
        0.06361673200000001,
        0.06456471400000001,
        0.063056388
      ],
      "exit_codes": [
        0,
        0,
        0,
        0,
        0,
        0,
        0,
        0,
        0,
        0,
        0,
        0,
        0,
        0,
        0,
        0,
        0,
        0,
        0,
        0,
        0,
        0,
        0,
        0,
        0,
        0,
        0,
        0,
        0,
        0,
        0,
        0,
        0,
        0,
        0,
        0,
        0,
        0,
        0,
        0,
        0,
        0,
        0,
        0,
        0,
        0,
        0
      ]
    }
  ]
}
