{
  "results": [
    {
      "command": "asdf current",
      "mean": 0.6492503726000001,
      "stddev": 0.018717219489967657,
      "median": 0.6400100615,
      "user": 0.5968585999999999,
      "system": 0.11712769999999999,
      "min": 0.6309062520000001,
      "max": 0.68190969,
      "times": [
        0.677744502,
        0.666748544,
        0.68190969,
        0.641884821,
        0.639287151,
        0.635205122,
        0.639163224,
        0.6309062520000001,
        0.6389214480000001,
        0.640732972
      ],
      "exit_codes": [
        0,
        0,
        0,
        0,
        0,
        0,
        0,
        0,
        0,
        0
      ]
    }
  ]
}
