{
  "results": [
    {
      "command": "asdf where nodejs",
      "mean": 0.011100601216417911,
      "stddev": 0.00024320330705751775,
      "median": 0.011045701000000002,
      "user": 0.00831217537313433,
      "system": 0.003057070895522389,
      "min": 0.010716752000000001,
      "max": 0.012339146,
      "times": [
        0.011161194000000001,
        0.010995422000000001,
        0.011296288000000002,
        0.011375589,
        0.010866428000000001,
        0.010976916000000001,
        0.011425425000000001,
        0.010985293,
        0.011100325000000001,
        0.011170461000000001,
        0.011456464000000001,
        0.011283000000000001,
        0.011020163000000001,
        0.011181738,
        0.011291881,
        0.010862855000000001,
        0.011298167000000001,
        0.011112302000000001,
        0.011100279000000001,
        0.011142501,
        0.011333621,
        0.01108749,
        0.011094676000000001,
        0.010991685000000001,
        0.011100105,
        0.011135172,
        0.011042342,
        0.011063013,
        0.011281567000000001,
        0.011085517000000001,
        0.01100629,
        0.011564003000000002,
        0.011011076,
        0.011452754,
        0.011175210000000001,
        0.010970222,
        0.011391016,
        0.011441278000000001,
        0.012339146,
        0.011117174,
        0.011709894,
        0.011226169000000001,
        0.011214112,
        0.011375805000000001,
        0.011230924000000002,
        0.011212286,
        0.01116431,
        0.011383347,
        0.011225687000000002,
        0.011119937,
        0.011155912,
        0.011186290000000002,
        0.010929869,
        0.010856672000000001,
        0.010907040000000002,
        0.010986324,
        0.010992826,
        0.011217957,
        0.011072358000000001,
        0.011008209000000001,
        0.011052368,
        0.011049060000000001,
        0.011252731,
        0.010990513,
        0.011028188000000001,
        0.010827148,
        0.011053597,
        0.010884438000000001,
        0.011005187000000001,
        0.010989779,
        0.010970454000000001,
        0.010932472,
        0.010980589,
        0.011105994000000001,
        0.011021594000000001,
        0.010968338000000001,
        0.011035591,
        0.010984528,
        0.011059476,
        0.010877935,
        0.011026336000000001,
        0.010903829,
        0.011079821,
        0.011505809,
        0.010882359000000001,
        0.010779555000000001,
        0.011124399,
        0.010945941,
        0.010974999000000001,
        0.011319579000000001,
        0.01096925,
        0.011227086,
        0.011369003,
        0.010953438000000001,
        0.011215331,
        0.011295072000000001,
        0.010882388000000002,
        0.011095591,
        0.011370653000000001,
        0.010894500000000001,
        0.010872584000000001,
        0.011155965,
        0.010824339,
        0.010957476,
        0.010765638000000001,
        0.010745637,
        0.011127997,
        0.011075321,
        0.010732441,
        0.010763546,
        0.011411029000000001,
        0.010739411,
        0.010883857,
        0.01090579,
        0.010718076,
        0.010802133,
        0.011096895,
        0.010933888000000001,
        0.011231579,
        0.011415383000000001,
        0.011821582,
        0.011126763000000001,
        0.011382696000000001,
        0.011009641,
        0.011038934,
        0.011030344000000001,
        0.011070309,
        0.011112012000000001,
        0.011066844000000001,
        0.011218636,
        0.011096910000000001,
        0.011164621000000001,
        0.011030309,
        0.011462525000000001,
        0.011234242,
        0.010889304,
        0.011025321000000001,
        0.011173987000000002,
        0.010916944000000001,
        0.010962411,
        0.011519286,
        0.010982591,
        0.011835963000000001,
        0.011131523,
        0.010957010000000001,
        0.011049880000000002,
        0.011186132000000001,
        0.0109361,
        0.011398788,
        0.010924888,
        0.010738979000000001,
        0.011358896,
        0.011283157,
        0.011086117000000001,
        0.011091853,
        0.011358534,
        0.011007268,
        0.011504369,
        0.011153261000000001,
        0.0110772,
        0.011020394000000001,
        0.011289058000000001,
        0.011743842,
        0.011352363,
        0.011076835,
        0.010898528000000001,
        0.011094181,
        0.011371049000000001,
        0.011467738,
        0.010979396,
        0.010962055,
        0.011148613,
        0.011051789000000001,
        0.011204084000000001,
        0.010972658000000001,
        0.011011752000000001,
        0.011280627000000001,
        0.011030611000000001,
        0.010957295,
        0.011396646,
        0.010908308,
        0.010799786,
        0.010797723,
        0.010963507,
        0.011106916000000001,
        0.011573152000000001,
        0.010783732,
        0.010968164,
        0.011365694,
        0.011272897,
        0.011120686000000001,
        0.010968415,
        0.010831558,
        0.011194356,
        0.011321176,
        0.011081245,
        0.011031116,
        0.010908239,
        0.010923835000000002,
        0.011114741000000001,
        0.010924264000000001,
        0.010958507000000001,
        0.010896396000000001,
        0.011175196,
        0.011412770000000001,
        0.010972724000000001,
        0.010955104,
        0.01091039,
        0.011081028000000001,
        0.011093401000000001,
        0.011039332,
        0.011120978,
        0.010980687000000001,
        0.011006572000000001,
        0.010890421,
        0.011456684,
        0.011023070000000001,
        0.010730158,
        0.010911531,
        0.010867431,
        0.010972981000000001,
        0.010969397,
        0.010868053,
        0.010716752000000001,
        0.010918786000000002,
        0.011409297,
        0.010824605000000001,
        0.010889506,
        0.010920916000000001,
        0.011380006000000002,
        0.010912776,
        0.011126098000000001,
        0.011236895,
        0.012136145000000001,
        0.010965148000000001,
        0.0109758,
        0.011250358,
        0.010938913000000001,
        0.010852088000000001,
        0.011019834000000001,
        0.011245761,
        0.010909143000000001,
        0.011019626000000001,
        0.0108815,
        0.010846709000000001,
        0.011054979000000001,
        0.010845739,
        0.010824436000000002,
        0.011085307,
        0.011039553,
        0.010927739,
        0.011017122,
        0.010904186000000001,
        0.010908157,
        0.010954643,
        0.010815463,
        0.010912008,
        0.011363056,
        0.011003618000000001,
        0.011565881,
        0.010917992000000001,
        0.010961588000000001,
        0.011746454,
        0.011554555000000001,
        0.012260006,
        0.010955489,
        0.010905166,
        0.011077482000000001
      ],