{
  "results": [
    {
      "command": "asdf current",
      "mean": 0.5656432945,
      "stddev": 0.0022618538022276223,
      "median": 0.565751561,
      "user": 0.5311072,
      "system": 0.10002229999999998,
      "min": 0.562176985,
      "max": 0.569255218,
      "times": [
        0.563092298,
        0.562176985,
        0.568444476,
        0.566216348,
        0.5641451980000001,
        0.5643884880000001,
        0.567210812,
        0.565768481,
        0.565734641,
        0.569255218
      ],
      "exit_codes": [
        0,
        0,
        0,
        0,
        0,
        0,
        0,
        0,
        0,
        0
      ]
    }
  ]
}
