{
  "results": [
    {
      "command": "asdf exec node -v",
      "mean": 0.04504242713846154,
      "stddev": 0.0012156750798475982,
      "median": 0.045234262000000004,
      "user": 0.04329855384615383,
      "system": 0.011561800000000002,
      "min": 0.042345353,
      "max": 0.048206378,
      "times": [
        0.046039114000000006,
        0.045680703,
        0.046543690000000006,
        0.044469432,
        0.047195982000000004,
        0.045745292,
        0.045901662,
        0.045320176000000004,
        0.048206378,
        0.045234433000000004,
        0.045144384,
        0.045701623000000004,
        0.045512019,
        0.044614390000000004,
        0.044786255000000004,
        0.046728225000000005,
        0.045349020000000004,
        0.045742431,
        0.046477389,
        0.046406754,
        0.045585606,
        0.046663058,
        0.046190194000000004,
        0.047177809,
        0.044754848,
        0.044868698000000005,
        0.045603583,
        0.045794069,
        0.045591842,
        0.046612982000000004,
        0.045620326,
        0.045693962000000005,
        0.045798681,
        0.045248377000000006,
        0.045289748000000005,
        0.044107818,
        0.045840339,
        0.043712617,
        0.043262569,
        0.043576113,
        0.043949086000000005,
        0.04384855,
        0.044052070000000006,
        0.043514417,
        0.043244079000000005,
        0.042345353,
        0.042902248000000004,
        0.043898262,
        0.043288496,
        0.043760399000000005,
        0.044835274,
        0.042406533,
        0.044779892,
        0.045234262000000004,
        0.044998998000000005,
        0.043720242,
        0.046851522,
        0.044587144,
        0.045060382,
        0.043694709000000005,
        0.044800299,
        0.044143113000000005,
        0.044228322,
        0.045615192000000006,
        0.044206329
      ],
      "exit_codes": [
        0,
        0,
        0,
        0,
        0,
        0,
        0,
        0,
        0,
        0,
        0,
        0,
        0,
        0,
        0,
        0,
        0,
        0,
        0,
        0,
        0,
        0,
        0,
        0,
        0,
        0,
        0,
        0,
        0,
        0,
        0,
        0,
        0,
        0,
        0,
        0,
        0,
        0,
        0,
        0,
        0,
        0,
        0,
        0,
        0,
        0,
        0,
        0,
        0,
        0,
        0,
        0,
        0,
        0,
        0,
        0,
        0,
        0,
        0,
        0,
        0,
        0,
        0,
        0,
        0
      ]
    }
  ]
}
