{
  "results": [
    {
      "command": "asdf which node",
      "mean": 0.0250323313852459,
      "stddev": 0.0008022406947763025,
      "median": 0.024915493500000004,
      "user": 0.02629763114754098,
      "system": 0.0062777622950819685,
      "min": 0.024027986,
      "max": 0.030770089,
      "times": [
        0.02451957,
        0.024330068,
        0.025124451000000003,
        0.025502825000000003,
        0.025504121,
        0.024558987,
        0.024377202,
        0.024982576000000003,
        0.026149000000000002,
        0.024566814000000003,
        0.024460797000000003,
        0.024667218,
        0.025431222,
        0.030770089,
        0.025162282,
        0.025136866,
        0.025107844,
        0.02462146,
        0.024895723,
        0.025588842,
        0.024455971,
        0.024392935,
        0.024225302,
        0.025378027,
        0.025795251,
        0.025206890000000003,
        0.025167367000000003,
        0.024501384,
        0.024817475000000002,
        0.025127842,
        0.024941028,
        0.024362210000000002,
        0.024027986,
        0.024710131000000003,
        0.025647270000000003,
        0.025305872,
        0.024162956000000003,
        0.025129917,
        0.025023005,
        0.0246214,
        0.024445909000000002,
        0.025586800000000003,
        0.025361372,
        0.026038347000000003,
        0.024278612,
        0.024715130000000002,
        0.024920389,
        0.025863123000000002,
        0.024603381,
        0.024903653,
        0.025503626,
        0.025451665000000002,
        0.024536654,
        0.025528538,
        0.024836534,
        0.024615577000000003,
        0.024924532000000003,
        0.025652092,
        0.024280242,
        0.024544215,
        0.02544052,
        0.026365942000000003,
        0.025268724000000003,
        0.025018453000000003,
        0.024502584,
        0.025488303,
        0.025790581,
        0.028376664000000003,
        0.024201932000000002,
        0.024464626000000003,
        0.025282448000000003,
        0.024820697000000003,
        0.024464004,
        0.024963687000000002,
        0.025056732,
        0.026477022000000003,
        0.024603451000000002,
        0.024887802,
        0.024420154000000003,
        0.024706221,
        0.02588346,
        0.024561416000000003,
        0.024256505,
        0.025044298000000003,
        0.025085471,
        0.024887981,
        0.025378980000000002,
        0.024483235000000002,
        0.024769567000000003,
        0.025005335,
        0.024857708000000003,
        0.025240549,
        0.024426464000000002,
        0.025051099,
        0.025297995,
        0.025167419,
        0.024935372,
        0.024409805000000003,
        0.024587702000000003,
        0.024606582000000002,
        0.024693353,
        0.024910598000000003,
        0.024902613,
        0.025943296,
        0.025884442,
        0.024431461,
        0.024404639000000002,
        0.025230565,
        0.025153861000000003,
        0.024839083,
        0.024450566,
        0.024335555000000002,
        0.024399776,
        0.026220263,
        0.024746689000000002,
        0.024570659,
        0.024931336000000002,
        0.025072817,
        0.025445885,
        0.024086794,
        0.024169158000000003,
        0.025534963
      ],
      "exit_codes": [
        0,
        0,
        0,
        0,
        0,
        0,
        0,
        0,
        0,
        0,
        0,
        0,
        0,
        0,
        0,
        0,
        0,
        0,
        0,
        0,
        0,
        0,
        0,
        0,
        0,
        0,
        0,
        0,
        0,
        0,
        0,
        0,
        0,
        0,
        0,
        0,
        0,
        0,
        0,
        0,
        0,
        0,
        0,
        0,
        0,
        0,
        0,
        0,
        0,
        0,
        0,
        0,
        0,
        0,
        0,
        0,
        0,
        0,
        0,
        0,
        0,
        0,
        0,
        0,
        0,
        0,
        0,
        0,
        0,
        0,
        0,
        0,
        0,
        0,
        0,
        0,
        0,
        0,
        0,
        0,
        0,
        0,
        0,
        0,
        0,
        0,
        0,
        0,
        0,
        0,
        0,
        0,
        0,
        0,
        0,
        0,
        0,
        0,
        0,
        0,
        0,
        0,
        0,
        0,
        0,
        0,
        0,
        0,
        0,
        0,
        0,
        0,
        0,
        0,
        0,
        0,
        0,
        0,
        0,
        0,
        0,
        0
      ]
    }
  ]
}
