{
  "results": [
    {
      "command": "asdf list all nodejs",
      "mean": 0.06058162569387754,
      "stddev": 0.0007847179024080676,
      "median": 0.060366831,
      "user": 0.04511195918367346,
      "system": 0.017614510204081633,
      "min": 0.059525698,
      "max": 0.06427999200000001,
      "times": [
        0.060310539,
        0.060431435000000006,
        0.060287161000000006,
        0.060098793000000005,
        0.059525698,
        0.060720581,
        0.059883461000000006,
        0.060072465000000005,
        0.060115791,
        0.06012473,
        0.059978576000000006,
        0.060580212,
        0.059832567,
        0.060774730000000006,
        0.06052873500000001,
        0.05987491,
        0.060305451,
        0.060807562,
        0.060194954,
        0.060226347000000006,
        0.060261220000000004,
        0.061045081,
        0.060439025,
        0.061334626,
        0.060981444,
        0.060932226000000006,
        0.06001962,
        0.059975084000000005,
        0.060799964000000005,
        0.060103581,
        0.06049332600000001,
        0.05986438,
        0.060187753000000004,
        0.061951128,
        0.06143355600000001,
        0.062011755,
        0.06041842100000001,
        0.060393852000000005,
        0.05994862200000001,
        0.06169353600000001,
        0.06069106900000001,
        0.061102632000000004,
        0.061672515000000004,
        0.06427999200000001,
        0.060366831,
        0.060201155000000006,
        0.060300871000000006,
        0.060044372000000006,
        0.060877324000000003
      ],
      "exit_codes": [
        0,
        0,
        0,
        0,
        0,
        0,
        0,
        0,
        0,
        0,
        0,
        0,
        0,
        0,
        0,
        0,
        0,
        0,
        0,
        0,
        0,
        0,
        0,
        0,
        0,
        0,
        0,
        0,
        0,
        0,
        0,
        0,
        0,
        0,
        0,
        0,
        0,
        0,
        0,
        0,
        0,
        0,
        0,
        0,
        0,
        0,
        0,
        0,
        0
      ]
    }
  ]
}
