{
  "results": [
    {
      "command": "asdf reshim",
      "mean": 2.2359083873,
      "stddev": 0.023374730922792443,
      "median": 2.2296063984999996,
      "user": 1.9795779999999996,
      "system": 0.49445549999999994,
      "min": 2.21470992,
      "max": 2.29293826,
      "times": [
        2.224705922,
        2.227472871,
        2.231739926,
        2.215748367,
        2.240651465,
        2.21470992,
        2.223216289,
        2.29293826,
        2.255829619,
        2.232071234
      ],
      "exit_codes": [
        0,
        0,
        0,
        0,
        0,
        0,
        0,
        0,
        0,
        0
      ]
    }
  ]
}
