{
  "results": [
    {
      "command": "asdf list all nodejs",
      "mean": 0.06960422843181818,
      "stddev": 0.0017775295931509204,
      "median": 0.0693435485,
      "user": 0.05279374999999999,
      "system": 0.019228,
      "min": 0.066871497,
      "max": 0.072468237,
      "times": [
        0.068033356,
        0.068559572,
        0.067596269,
        0.068285734,
        0.068552372,
        0.06772429,
        0.067667183,
        0.0677138,
        0.066871497,
        0.068601559,
        0.06900091600000001,
        0.06751952500000001,
        0.068033312,
        0.067689014,
        0.067933782,
        0.067767134,
        0.06788724900000001,
        0.068329662,
        0.067803979,
        0.067499614,
        0.067257552,
        0.069892281,
        0.070695216,
        0.069447165,
        0.06939609100000001,
        0.069291006,
        0.072156067,
        0.07200943900000001,
        0.071718549,
        0.07190427,
        0.071504238,
        0.070881582,
        0.071443118,
        0.07135923400000001,
        0.072468237,
        0.07155547500000001,
        0.071521939,
        0.07113749100000001,
        0.071327577,
        0.070872615,
        0.071353311,
        0.07120446600000001,
        0.07120683500000001,
        0.071912478
      ],
      "exit_codes": [
        0,
        0,
        0,
        0,
        0,
        0,
        0,
        0,
        0,
        0,
        0,
        0,
        0,
        0,
        0,
        0,
        0,
        0,
        0,
        0,
        0,
        0,
        0,
        0,
        0,
        0,
        0,
        0,
        0,
        0,
        0,
        0,
        0,
        0,
        0,
        0,
        0,
        0,
        0,
        0,
        0,
        0,
        0,
        0
      ]
    }
  ]
}
