{
  "results": [
    {
      "command": "asdf where nodejs",
      "mean": 0.01854451365573771,
      "stddev": 0.002859681992686371,
      "median": 0.0177944045,
      "user": 0.013554680327868846,
      "system": 0.0041250163934426235,
      "min": 0.016351461,
      "max": 0.037551778,
      "times": [
        0.024523486,
        0.019190883000000002,
        0.018026514,
        0.019090410000000002,
        0.018887778,
        0.018653506,
        0.018479843000000003,
        0.01910693,
        0.022324135000000002,
        0.017038425,
        0.018414675000000002,
        0.017950323,
        0.018678783,
        0.018103224,
        0.018793801000000002,
        0.018074483000000002,
        0.022297914000000002,
        0.018227379000000002,
        0.018538217000000003,
        0.017626695,
        0.018010130000000003,
        0.019468346,
        0.021909591000000003,
        0.017548359,
        0.017212976,
        0.017333916,
        0.018089455,
        0.018515821000000002,
        0.017180769000000002,
        0.017519913,
        0.020171145,
        0.019756611,
        0.017752571,
        0.018171179000000003,
        0.018468217000000002,
        0.017485818,
        0.018342903,
        0.017483338,
        0.018155335,
        0.018989247,
        0.019060759,
        0.018379848,
        0.018890424000000003,
        0.018641668,
        0.018345362,
        0.017861618000000003,
        0.018652852,
        0.017388001,
        0.017350815000000002,
        0.017369799000000002,
        0.018760294,
        0.018281695,
        0.018772497000000003,
        0.021111608,
        0.017929291,
        0.01770176,
        0.017476686,
        0.018304863,
        0.025056827,
        0.030966615000000003,
        0.021329264,
        0.017575463,
        0.017271669,
        0.018737837,
        0.01735679,
        0.016786689,
        0.017645224,
        0.017408798,
        0.017037281,
        0.017693788000000002,
        0.016486075,
        0.017056781,
        0.016889440000000002,
        0.016558198,
        0.017151406,
        0.016464684,
        0.01728615,
        0.018110134,
        0.017806274,
        0.017398006,
        0.01642052,
        0.017289405,
        0.016590294000000002,
        0.019723001,
        0.016351461,
        0.016371696,
        0.016968526,
        0.025289619000000003,
        0.017358279,
        0.017242866000000003,
        0.016369243000000002,
        0.016983561,
        0.016607385000000002,
        0.016866481000000003,
        0.017268638,
        0.017011305,
        0.016774498000000002,
        0.017644149,
        0.0169412,
        0.016619669,
        0.017470367,
        0.016713930000000002,
        0.016381952,
        0.01745104,
        0.017337044,
        0.018025854,
        0.016467056,
        0.017322334,
        0.016689677,
        0.018671488,
        0.017377717,
        0.019603865,
        0.020299484,
        0.018021748,
        0.019297449,
        0.017742327000000002,
        0.037551778,
        0.029944652000000002,
        0.022547901000000002,
        0.016989888,
        0.017782535000000002,
        0.018102507
      ],
      "exit_codes": [
        0,
        0,
        0,
        0,
        0,
        0,
        0,
        0,
        0,
        0,
        0,
        0,
        0,
        0,
        0,
        0,
        0,
        0,
        0,
        0,
        0,
        0,
        0,
        0,
        0,
        0,
        0,
        0,
        0,
        0,
        0,
        0,
        0,
        0,
        0,
        0,
        0,
        0,
        0,
        0,
        0,
        0,
        0,
        0,
        0,
        0,
        0,
        0,
        0,
        0,
        0,
        0,
        0,
        0,
        0,
        0,
        0,
        0,
        0,
        0,
        0,
        0,
        0,
        0,
        0,
        0,
        0,
        0,
        0,
        0,
        0,
        0,
        0,
        0,
        0,
        0,
        0,
        0,
        0,
        0,
        0,
        0,
        0,
        0,
        0,
        0,
        0,
        0,
        0,
        0,
        0,
        0,
        0,
        0,
        0,
        0,
        0,
        0,
        0,
        0,
        0,
        0,
        0,
        0,
        0,
        0,
        0,
        0,
        0,
        0,
        0,
        0,
        0,
        0,
        0,
        0,
        0,
        0,
        0,
        0,
        0,
        0
      ]
    }
  ]
}
