{
  "results": [
    {
      "command": "asdf which node",
      "mean": 0.04051578173972602,
      "stddev": 0.0009496704618368068,
      "median": 0.040376005,
      "user": 0.04050908219178082,
      "system": 0.008561657534246576,
      "min": 0.039505998,
      "max": 0.046985697,
      "times": [
        0.040597494000000005,
        0.040704491,
        0.039608536,
        0.040376005,
        0.040978616,
        0.04042061,
        0.041662138,
        0.040808048,
        0.039978661000000006,
        0.040339453000000004,
        0.040188323000000005,
        0.04035606,
        0.040909135,
        0.040965956000000005,
        0.040270560000000004,
        0.039696916000000006,
        0.039810146000000005,
        0.040406306,
        0.040501424,
        0.040501653000000006,
        0.040846385000000006,
        0.040676927,
        0.040446381000000003,
        0.040317586,
        0.040551463,
        0.039614058,
        0.040817129,
        0.040745504,
        0.039686080000000006,
        0.040286998000000004,
        0.039744322000000006,
        0.041321054,
        0.040976472,
        0.040092239,
        0.040470682,
        0.039883884,
        0.039505998,
        0.039876538,
        0.042144414000000005,
        0.040335128000000005,
        0.040354244000000004,
        0.040734629,
        0.039898482000000006,
        0.04039953,
        0.040884535,
        0.040305505000000005,
        0.039589738,
        0.041695350000000006,
        0.039519113,
        0.046985697,
        0.039596261,
        0.041421969,
        0.041236375000000006,
        0.040148109,
        0.040141596,
        0.041456122000000005,
        0.040343489,
        0.040115315000000006,
        0.040589442,
        0.039977489000000005,
        0.039963453,
        0.041138378,
        0.040001135,
        0.040127113000000006,
        0.040667154000000004,
        0.040113862,
        0.040402226,
        0.040895915000000005,
        0.040931651,
        0.039754666,
        0.040748447,
        0.040237195,
        0.039858109
      ],
      "exit_codes": [
        0,
        0,
        0,
        0,
        0,
        0,
        0,
        0,
        0,
        0,
        0,
        0,
        0,
        0,
        0,
        0,
        0,
        0,
        0,
        0,
        0,
        0,
        0,
        0,
        0,
        0,
        0,
        0,
        0,
        0,
        0,
        0,
        0,
        0,
        0,
        0,
        0,
        0,
        0,
        0,
        0,
        0,
        0,
        0,
        0,
        0,
        0,
        0,
        0,
        0,
        0,
        0,
        0,
        0,
        0,
        0,
        0,
        0,
        0,
        0,
        0,
        0,
        0,
        0,
        0,
        0,
        0,
        0,
        0,
        0,
        0,
        0,
        0
      ]
    }
  ]
}
