{
  "results": [
    {
      "command": "asdf which node",
      "mean": 0.04704446043835617,
      "stddev": 0.014960467242735791,
      "median": 0.044696308000000004,
      "user": 0.04104384931506848,
      "system": 0.009418164383561642,
      "min": 0.040072663,
      "max": 0.16942864500000002,
      "times": [
        0.040896970000000005,
        0.0445757,
        0.042620116,
        0.046021333000000005,
        0.051570805000000004,
        0.056618236,
        0.045733858,
        0.047813031000000006,
        0.045658955,
        0.046362589,
        0.043106870000000005,
        0.045554539000000005,
        0.044085804000000006,
        0.042929071000000006,
        0.046486277,
        0.049056566,
        0.044711441000000005,
        0.048746108,
        0.049105418000000005,
        0.042027247000000004,
        0.046578023,
        0.043570466,
        0.16942864500000002,
        0.050092924000000004,
        0.044597116000000006,
        0.042708318,
        0.04191433,
        0.042368928,
        0.046603700000000005,
        0.061578295000000005,
        0.054075292000000004,
        0.048925876,
        0.042287414,
        0.042994071,
        0.042390549,
        0.044381976000000004,
        0.040829935000000005,
        0.044406312,
        0.044508974,
        0.047181624000000005,
        0.044664876000000006,
        0.042231656,
        0.044651644000000004,
        0.040879203,
        0.043005453000000006,
        0.040072663,
        0.042198679,
        0.041592693,
        0.043275650000000006,
        0.042720013,
        0.042553232,
        0.043643423,
        0.044937828000000006,
        0.049572086,
        0.046193921000000006,
        0.044862622000000005,
        0.041845776,
        0.044763189,
        0.046045251,
        0.044696308000000004,
        0.042455034,
        0.045006263000000005,
        0.047869010000000004,
        0.043885657,
        0.047606965,
        0.044671972000000004,
        0.047047421000000006,
        0.048013733,
        0.049170755000000003,
        0.046364715,
        0.045579235,
        0.045301164000000005,
        0.04176382
      ],
      "exit_codes": [
        0,
        0,
        0,
        0,
        0,
        0,
        0,
        0,
        0,
        0,
        0,
        0,
        0,
        0,
        0,
        0,
        0,
        0,
        0,
        0,
        0,
        0,
        0,
        0,
        0,
        0,
        0,
        0,
        0,
        0,
        0,
        0,
        0,
        0,
        0,
        0,
        0,
        0,
        0,
        0,
        0,
        0,
        0,
        0,
        0,
        0,
        0,
        0,
        0,
        0,
        0,
        0,
        0,
        0,
        0,
        0,
        0,
        0,
        0,
        0,
        0,
        0,
        0,
        0,
        0,
        0,
        0,
        0,
        0,
        0,
        0,
        0,
        0
      ]
    }
  ]
}
