{
  "results": [
    {
      "command": "asdf exec node -v",
      "mean": 0.06003928708,
      "stddev": 0.0008998927728075034,
      "median": 0.0599104405,
      "user": 0.05771113999999998,
      "system": 0.012841919999999998,
      "min": 0.058667821,
      "max": 0.063135286,
      "times": [
        0.059155865,
        0.061313835000000004,
        0.063135286,
        0.059880953,
        0.060542181,
        0.060148584000000005,
        0.061424613,
        0.060884413000000005,
        0.061630630000000006,
        0.060724162000000005,
        0.061316992,
        0.060712227,
        0.060494404,
        0.060173504,
        0.059939928,
        0.060393489,
        0.060621564,
        0.060051824000000004,
        0.060546982000000006,
        0.059685077,
        0.059428058000000006,
        0.059945614,
        0.060712539,
        0.058994652,
        0.060328349,
        0.05938337900000001,
        0.059675490000000005,
        0.059290920000000004,
        0.06062845100000001,
        0.059166744,
        0.060506412,
        0.059659839000000006,
        0.05926574800000001,
        0.058667821,
        0.060388636,
        0.059481216,
        0.059307572,
        0.058975003000000005,
        0.059336956,
        0.059468819000000006,
        0.059652862,
        0.059291988000000004,
        0.059947742000000005,
        0.059410597,
        0.05925425,
        0.058816658,
        0.059336777,
        0.059553203000000006,
        0.06204892100000001,
        0.059262625000000006
      ],
      "exit_codes": [
        0,
        0,
        0,
        0,
        0,
        0,
        0,
        0,
        0,
        0,
        0,
        0,
        0,
        0,
        0,
        0,
        0,
        0,
        0,
        0,
        0,
        0,
        0,
        0,
        0,
        0,
        0,
        0,
        0,
        0,
        0,
        0,
        0,
        0,
        0,
        0,
        0,
        0,
        0,
        0,
        0,
        0,
        0,
        0,
        0,
        0,
        0,
        0,
        0,
        0
      ]
    }
  ]
}
