{
  "results": [
    {
      "command": "asdf where nodejs",
      "mean": 0.016493355689839572,
      "stddev": 0.00040258678436365603,
      "median": 0.016410436,
      "user": 0.013078871657754012,
      "system": 0.0037240320855614975,
      "min": 0.015807065000000002,
      "max": 0.01764517,
      "times": [
        0.015979052,
        0.016201180000000003,
        0.016297287,
        0.016219028,
        0.016835815,
        0.016400241,
        0.016238986,
        0.017120888,
        0.015954768,
        0.016666346000000002,
        0.016145532,
        0.016875802000000002,
        0.016028823,
        0.015994418,
        0.016179438,
        0.016411804000000002,
        0.016045995,
        0.016023627000000002,
        0.015807065000000002,
        0.016238468000000002,
        0.016625766,
        0.016415755,
        0.016485796,
        0.01653029,
        0.01660212,
        0.016013063,
        0.016424192,
        0.016241748,
        0.01610963,
        0.016128269,
        0.01613436,
        0.016005584,
        0.016096937000000002,
        0.016210788,
        0.016397395000000002,
        0.016325699000000003,
        0.016126251,
        0.01615406,
        0.016314909000000002,
        0.016608425,
        0.016656921,
        0.016041873,
        0.016826952000000003,
        0.016031249,
        0.016078218000000002,
        0.016522862000000003,
        0.016531331,
        0.016176017,
        0.01602728,
        0.016172065,
        0.016057154,
        0.01676023,
        0.01599567,
        0.016273948,
        0.016370825000000002,
        0.01672177,
        0.016645767000000002,
        0.016345766,
        0.016336943,
        0.016901364000000002,
        0.016456561,
        0.016103842,
        0.016286773,
        0.016275577,
        0.015927457000000003,
        0.015944357,
        0.016171316,
        0.015961482000000003,
        0.016147602,
        0.016262994,
        0.016273832000000002,
        0.016523962,
        0.015933687000000002,
        0.016200947,
        0.016060921000000002,
        0.016079444000000002,
        0.016508176,
        0.016345809,
        0.016077843,
        0.016569711,
        0.016006528000000003,
        0.016262198000000002,
        0.016596312000000002,
        0.016162774,
        0.016322141000000002,
        0.015933902,
        0.015916961,
        0.016848807,
        0.016301218000000003,
        0.016404794,
        0.016070226,
        0.016275315000000002,
        0.016175463,
        0.016314771000000002,
        0.016574988000000002,
        0.016504661,
        0.016052253000000002,
        0.015923736,
        0.01607133,
        0.016760834000000002,
        0.016068564,
        0.016336495,
        0.016101486,
        0.016619309000000002,
        0.016060013,
        0.016158473,
        0.016158117,
        0.016153745,
        0.016352652000000002,
        0.016281147,
        0.016263895,
        0.016114430000000003,
        0.016192614,
        0.016510151,
        0.015969176,
        0.016258424,
        0.015913756,
        0.016658192000000002,
        0.016017912000000002,
        0.016336234,
        0.016410436,
        0.016232898000000003,
        0.016595747,
        0.016397344,
        0.016114506,
        0.016397354,
        0.016156008,
        0.017017433000000002,
        0.017445876000000003,
        0.016892548,
        0.01764517,
        0.016857597000000002,
        0.016828047000000002,
        0.017302593,
        0.016667683000000003,
        0.017216902000000003,
        0.017026779000000002,
        0.0171966,
        0.016840899,
        0.016453857000000002,
        0.016710856,
        0.017189191,
        0.016845915,
        0.016775674,
        0.017016337,
        0.017165048000000002,
        0.016668971,
        0.017109929,
        0.016822611,
        0.017345148,
        0.016837794,
        0.016676777,
        0.017193643,
        0.016818481,
        0.017201261000000002,
        0.016890206,
        0.01729174,
        0.016779087,
        0.016986759,
        0.017125686,
        0.016993921000000002,
        0.016970641,
        0.017129366,
        0.017094762,
        0.016644580000000003,
        0.017217213000000002,
        0.016702058000000002,
        0.017038072,
        0.016847532000000002,
        0.016527017,
        0.016709826,
        0.016629225,
        0.016918020000000002,
        0.016592805000000002,
        0.017255546,
        0.016694714,
        0.016962203000000002,
        0.016511894000000003,
        0.01742498,
        0.016782482,
        0.016779465,
        0.017090486000000002,
        0.01705098,
        0.016924962,
        0.016767573,
        0.016754783000000002,
        0.016888922
      ],
      "exit_codes": [
        0,
        0,
        0,
        0,
        0,
        0,
        0,
        0,
        0,
        0,
        0,
        0,
        0,
        0,
        0,
        0,
        0,
        0,
        0,
        0,
        0,
        0,
        0,
        0,
        0,
        0,
        0,
        0,
        0,
        0,
        0,
        0,
        0,
        0,
        0,
        0,
        0,
        0,
        0,
        0,
        0,
        0,
        0,
        0,
        0,
        0,
        0,
        0,
        0,
        0,
        0,
        0,
        0,
        0,
        0,
        0,
        0,
        0,
        0,
        0,
        0,
        0,
        0,
        0,
        0,
        0,
        0,
        0,
        0,
        0,
        0,
        0,
        0,
        0,
        0,
        0,
        0,
        0,
        0,
        0,
        0,
        0,
        0,
        0,
        0,
        0,
        0,
        0,
        0,
        0,
        0,
        0,
        0,
        0,
        0,
        0,
        0,
        0,
        0,
        0,
        0,
        0,
        0,
        0,
        0,
        0,
        0,
        0,
        0,
        0,
        0,
        0,
        0,
        0,
        0,
        0,
        0,
        0,
        0,
        0,
        0,
        0,
        0,
        0,
        0,
        0,
        0,
        0,
        0,
        0,
        0,
        0,
        0,
        0,
        0,
        0,
        0,
        0,
        0,
        0,
        0,
        0,
        0,
        0,
        0,
        0,
        0,
        0,
        0,
        0,
        0,
        0,
        0,
        0,
        0,
        0,
        0,
        0,
        0,
        0,
        0,
        0,
        0,
        0,
        0,
        0,
        0,
        0,
        0,
        0,
        0,
        0,
        0,
        0,
        0,
        0,
        0,
        0,
        0,
        0,
        0,
        0,
        0,
        0,
        0,
        0,
        0
      ]
    }
  ]
}
