{
  "results": [
    {
      "command": "asdf exec node -v",
      "mean": 0.06892420697619046,
      "stddev": 0.01709705979736093,
      "median": 0.06565683650000001,
      "user": 0.05904304761904763,
      "system": 0.014421500000000002,
      "min": 0.06109673300000001,
      "max": 0.175217709,
      "times": [
        0.070278593,
        0.07006638300000001,
        0.065955335,
        0.06570337200000001,
        0.067352434,
        0.06739310500000001,
        0.06516506300000001,
        0.065726375,
        0.07358368200000001,
        0.073839018,
        0.066283172,
        0.066104646,
        0.064613787,
        0.064069212,
        0.064725907,
        0.06988497,
        0.06573214100000001,
        0.06649255,
        0.07307219200000001,
        0.064267172,
        0.065929981,
        0.06753319,
        0.065426758,
        0.06561030100000001,
        0.064344317,
        0.175217709,
        0.069253251,
        0.065345479,
        0.065579153,
        0.063359069,
        0.064771326,
        0.065120864,
        0.062851338,
        0.064812541,
        0.062886774,
        0.063401582,
        0.061852809,
        0.063699355,
        0.074880548,
        0.06109673300000001,
        0.06481940500000001,
        0.066715101
      ],
      "exit_codes": [
        0,
        0,
        0,
        0,
        0,
        0,
        0,
        0,
        0,
        0,
        0,
        0,
        0,
        0,
        0,
        0,
        0,
        0,
        0,
        0,
        0,
        0,
        0,
        0,
        0,
        0,
        0,
        0,
        0,
        0,
        0,
        0,
        0,
        0,
        0,
        0,
        0,
        0,
        0,
        0,
        0,
        0
      ]
    }
  ]
}
