{
  "results": [
    {
      "command": "asdf reshim",
      "mean": 2.5304720353,
      "stddev": 0.032504507111770956,
      "median": 2.5277893745,
      "user": 2.2045195,
      "system": 0.5485985999999999,
      "min": 2.492779982,
      "max": 2.606699881,
      "times": [
        2.530982661,
        2.517942532,
        2.5074322,
        2.497159097,
        2.492779982,
        2.545377113,
        2.524596088,
        2.542682105,
        2.606699881,
        2.539068694
      ],
      "exit_codes": [
        0,
        0,
        0,
        0,
        0,
        0,
        0,
        0,
        0,
        0
      ]
    }
  ]
}
