{
  "results": [
    {
      "command": "asdf current",
      "mean": 0.4298673677000001,
      "stddev": 0.0037980241523543398,
      "median": 0.428953637,
      "user": 0.3912214,
      "system": 0.07662630000000001,
      "min": 0.425197747,
      "max": 0.437961403,
      "times": [
        0.42895535500000004,
        0.437961403,
        0.42676378600000003,
        0.42655936400000005,
        0.425197747,
        0.43079018500000005,
        0.428637633,
        0.428951919,
        0.43397446500000003,
        0.43088182
      ],
      "exit_codes": [
        0,
        0,
        0,
        0,
        0,
        0,
        0,
        0,
        0,
        0
      ]
    }
  ]
}
