{
  "results": [
    {
      "command": "asdf current",
      "mean": 0.5520119927,
      "stddev": 0.0038183575379183957,
      "median": 0.552179204,
      "user": 0.516824,
      "system": 0.0975707,
      "min": 0.545337419,
      "max": 0.559043684,
      "times": [
        0.548951594,
        0.555593616,
        0.55341175,
        0.552318225,
        0.550975133,
        0.559043684,
        0.545337419,
        0.5489155170000001,
        0.552040183,
        0.553532806
      ],
      "exit_codes": [
        0,
        0,
        0,
        0,
        0,
        0,
        0,
        0,
        0,
        0
      ]
    }
  ]
}
