{
  "results": [
    {
      "command": "asdf exec node -v",
      "mean": 0.043529690852941165,
      "stddev": 0.0014722069528844519,
      "median": 0.0433592795,
      "user": 0.042528352941176475,
      "system": 0.010418882352941175,
      "min": 0.042372554,
      "max": 0.054767706000000006,
      "times": [
        0.043498424,
        0.043089021000000005,
        0.042828108000000004,
        0.044365495000000005,
        0.043163879,
        0.042644906,
        0.043091981,
        0.043908264,
        0.043356146000000005,
        0.043458748000000005,
        0.042977214,
        0.043782164000000005,
        0.043491197,
        0.043586241000000005,
        0.043965023000000006,
        0.043634663000000004,
        0.043362413,
        0.042732026,
        0.044001029000000004,
        0.043845831,
        0.043726018000000005,
        0.043256085,
        0.042941788,
        0.043640162,
        0.043083839000000006,
        0.043175371000000004,
        0.043978036000000005,
        0.042372554,
        0.043169969,
        0.054767706000000006,
        0.042971514,
        0.043382038000000005,
        0.042864259,
        0.043729895000000005,
        0.042451543,
        0.042953315000000006,
        0.04411654,
        0.04301267,
        0.043228294,
        0.044062664,
        0.044029197000000006,
        0.044225766,
        0.044511069,
        0.043329557000000005,
        0.043405207,
        0.043659654000000006,
        0.042774664000000004,
        0.042971994,
        0.042462011,
        0.043483585000000005,
        0.043152315000000004,
        0.043839646,
        0.042643256000000004,
        0.043632884000000004,
        0.044410676,
        0.043449076,
        0.042801526,
        0.04339929,
        0.043794386000000005,
        0.044015809,
        0.043241778,
        0.042522790000000005,
        0.042873901000000006,
        0.043280462000000006,
        0.043464884,
        0.042960489000000004,
        0.042980395000000005,
        0.043035678
      ],
      "exit_codes": [
        0,
        0,
        0,
        0,
        0,
        0,
        0,
        0,
        0,
        0,
        0,
        0,
        0,
        0,
        0,
        0,
        0,
        0,
        0,
        0,
        0,
        0,
        0,
        0,
        0,
        0,
        0,
        0,
        0,
        0,
        0,
        0,
        0,
        0,
        0,
        0,
        0,
        0,
        0,
        0,
        0,
        0,
        0,
        0,
        0,
        0,
        0,
        0,
        0,
        0,
        0,
        0,
        0,
        0,
        0,
        0,
        0,
        0,
        0,
        0,
        0,
        0,
        0,
        0,
        0,
        0,
        0,
        0
      ]
    }
  ]
}
