{
  "results": [
    {
      "command": "asdf list all nodejs",
      "mean": 0.06053405027083336,
      "stddev": 0.0005325329350517183,
      "median": 0.06040084750000001,
      "user": 0.0446093125,
      "system": 0.018039500000000003,
      "min": 0.059625394000000005,
      "max": 0.06153411500000001,
      "times": [
        0.061484038000000005,
        0.060706356,
        0.0601058,
        0.061008231,
        0.061308066,
        0.060275687,
        0.060392763,
        0.06153411500000001,
        0.060895716,
        0.060401192000000006,
        0.060328678000000004,
        0.061468735000000004,
        0.060348649000000004,
        0.060577128,
        0.060235936000000004,
        0.060913501,
        0.06065498800000001,
        0.059846207000000005,
        0.061470536000000006,
        0.060089631000000004,
        0.060130502,
        0.060625819000000004,
        0.059808465000000005,
        0.059642298,
        0.060454074000000003,
        0.060389703,
        0.060736319000000004,
        0.060289181000000004,
        0.059625394000000005,
        0.060448805,
        0.061388411000000004,
        0.060400503,
        0.060241727,
        0.060187541000000004,
        0.060648771000000004,
        0.060322558000000005,
        0.061368337,
        0.061166764000000005,
        0.059776791,
        0.060547952,
        0.06108945700000001,
        0.060421525000000004,
        0.059968936,
        0.060226814000000004,
        0.060123778,
        0.061464291000000004,
        0.060166041,
        0.059927703000000006
      ],
      "exit_codes": [
        0,
        0,
        0,
        0,
        0,
        0,
        0,
        0,
        0,
        0,
        0,
        0,
        0,
        0,
        0,
        0,
        0,
        0,
        0,
        0,
        0,
        0,
        0,
        0,
        0,
        0,
        0,
        0,
        0,
        0,
        0,
        0,
        0,
        0,
        0,
        0,
        0,
        0,
        0,
        0,
        0,
        0,
        0,
        0,
        0,
        0,
        0,
        0
      ]
    }
  ]
}
