{
  "results": [
    {
      "command": "asdf where nodejs",
      "mean": 0.011014633691756264,
      "stddev": 0.0005873072989894156,
      "median": 0.010881456000000001,
      "user": 0.00817383512544803,
      "system": 0.003065035842293907,
      "min": 0.010608845,
      "max": 0.018544978,
      "times": [
        0.010724946,
        0.010783785,
        0.01074316,
        0.010765996,
        0.010799387,
        0.011068999000000001,
        0.010802979,
        0.010959148,
        0.010932482,
        0.01096426,
        0.011030462000000001,
        0.011033055,
        0.010714586,
        0.010956435,
        0.010866676,
        0.011063677000000001,
        0.010779465,
        0.010863232,
        0.011079390000000001,
        0.010959837,
        0.010837611,
        0.011093041000000001,
        0.010824055,
        0.010735555,
        0.011215187000000001,
        0.010889127,
        0.011073215,
        0.010727944000000001,
        0.011061854000000001,
        0.010741526000000001,
        0.010899441000000001,
        0.011329281,
        0.010653344,
        0.011011814,
        0.011260064,
        0.010734209000000001,
        0.010803891000000001,
        0.010847018,
        0.010725459000000001,
        0.011235455,
        0.011100758,
        0.010839158000000002,
        0.010642185,
        0.010901600000000001,
        0.011258977,
        0.010776591,
        0.010608845,
        0.010693991,
        0.010839426000000001,
        0.010697584000000001,
        0.010856270000000001,
        0.010759584,
        0.010710944,
        0.010741771,
        0.011145972,
        0.010643405,
        0.010733310000000001,
        0.011305491,
        0.01076347,
        0.010855867,
        0.010679932000000001,
        0.010724939000000001,
        0.011116812,
        0.011029012000000001,
        0.010908377,
        0.010795180000000001,
        0.010698210000000001,
        0.010863495,
        0.011040163,
        0.010742614000000001,
        0.010968953,
        0.010932572000000002,
        0.010829877,
        0.011511028000000001,
        0.01097653,
        0.010681082000000001,
        0.010898394,
        0.01107521,
        0.010682116,
        0.010789407,
        0.010765731,
        0.011361258,
        0.010761577000000001,
        0.010646898,
        0.010919066,
        0.010784085,
        0.010898638,
        0.011011201,
        0.010671043,
        0.010788917,
        0.010688025,
        0.010825094,
        0.010926799000000001,
        0.010734785,
        0.010921587,
        0.010907995,
        0.011041613,
        0.01100544,
        0.010646328,
        0.010831745,
        0.011401654,
        0.010687327,
        0.010875153,
        0.010868987,
        0.010729072000000001,
        0.010810262000000001,
        0.011002715000000001,
        0.010837479,
        0.010713607,
        0.010754867000000001,
        0.011028378,
        0.011031180000000002,
        0.011082453,
        0.010738964,
        0.011843553000000001,
        0.010720789000000001,
        0.010634087,
        0.011138819000000001,
        0.011081961000000001,
        0.010757241,
        0.011139982000000001,
        0.011175092000000001,
        0.010761974,
        0.010675953,
        0.010679676,
        0.010815065,
        0.010893037000000001,
        0.011248319000000001,
        0.010784502000000001,
        0.010735504,
        0.010931212000000001,
        0.010924639,
        0.010610070000000001,
        0.010664769000000001,
        0.010753655,
        0.010776806,
        0.010869517,
        0.010679463,
        0.010946477000000001,
        0.010913298,
        0.010716885,
        0.011000035,
        0.010626105,
        0.010848976000000001,
        0.011327829000000001,
        0.010881623,
        0.010704824,
        0.010796127,
        0.010763947000000001,
        0.010720503000000001,
        0.010733617,
        0.010669868,
        0.010793599000000001,
        0.011177998000000001,
        0.010726254000000001,
        0.010743387,
        0.010787895,
        0.011184452000000001,
        0.011000405000000001,
        0.01101039,
        0.010810467,
        0.010778412000000001,
        0.010925299000000001,
        0.010626902,
        0.010753989,
        0.010699191,
        0.010896587000000001,
        0.011071751000000001,
        0.010730313,
        0.010610407,
        0.011109811,
        0.010998942000000001,
        0.010855858000000001,
        0.011186833,
        0.01090079,
        0.010798136,
        0.010783007,
        0.010974347,
        0.0108499,
        0.010643256,
        0.01079678,
        0.010800077,
        0.010697609,
        0.010662672000000002,
        0.011061867000000001,
        0.010754638,
        0.010794633000000001,
        0.010703156,
        0.010716489000000001,
        0.010813244000000001,
        0.011106379000000001,
        0.010864049,
        0.011135854,
        0.011145495,
        0.010664716000000001,
        0.010749578000000001,
        0.010760546000000001,
        0.010758965,
        0.010861081,
        0.010845411000000001,
        0.010770897000000001,
        0.010787863,
        0.010875629000000001,
        0.010701344000000002,
        0.011028696000000001,
        0.010777960000000001,
        0.011380748000000001,
        0.010804629000000001,
        0.010814314,
        0.010723330000000001,
        0.010962758000000001,
        0.011185242000000001,
        0.010752869,
        0.010809469,
        0.010919679,
        0.011087599,
        0.011396902,
        0.010875679000000001,
        0.018544978,
        0.011923636000000001,
        0.012237168000000001,
        0.014682180000000001,
        0.011144098,
        0.011154229,
        0.011933239,
        0.011094747,
        0.011552055,
        0.011278373000000001,
        0.010910539,
        0.011124604000000001,
        0.010997558000000001,
        0.010852488,
        0.010948247000000001,
        0.010821492,
        0.010864941000000001,
        0.010902184,
        0.011105153000000001,
        0.011296480000000001,
        0.010756804,
        0.010733913000000001,
        0.010758396,
        0.010898469000000001,
        0.011130358,
        0.011008112,
        0.011060180000000001,
        0.010884954,
        0.010881456000000001,
        0.01080156,
        0.011325699000000002,
        0.01156535,
        0.01174352,
        0.011351509000000001,
        0.011340624,
        0.011505596,
        0.011805156,
        0.012409690000000001,
        0.011352784000000001,
        0.011528208,
        0.011297567000000001,
        0.011318145,
        0.011729193,
        0.011555806,
        0.011340393,
        0.011639849,
        0.011406101,
        0.011437165000000001,
        0.011490165,
        0.011719207,
        0.012052092,
        0.011237387000000001,
        0.011356640000000001,
        0.011436654000000001,
        0.011346117000000001,
        0.011516355,
        0.011623551000000001,
        0.011372505000000002,
        0.011392677,
        0.011369239000000001,
        0.011401969000000001
      ],