{
  "results": [
    {
      "command": "asdf which node",
      "mean": 0.025066603822033892,
      "stddev": 0.001095081704603486,
      "median": 0.024851765500000005,
      "user": 0.02629940677966102,
      "system": 0.00626523728813559,
      "min": 0.024046133,
      "max": 0.034285332,
      "times": [
        0.025389611000000003,
        0.025087725,
        0.024889096000000003,
        0.025163837,
        0.025064556,
        0.024751817000000002,
        0.024482294,
        0.024713626000000002,
        0.026009848000000002,
        0.026260456,
        0.024798366000000002,
        0.025795464,
        0.024678829000000003,
        0.024862076,
        0.024777208000000002,
        0.025171197000000003,
        0.02479726,
        0.024540479,
        0.024530428,
        0.028553050000000003,
        0.025811152,
        0.024325272000000002,
        0.025233375000000002,
        0.024787459,
        0.025647928,
        0.024657961000000003,
        0.024195254000000003,
        0.025300390000000002,
        0.025751854,
        0.025541486000000002,
        0.024545726,
        0.024686787,
        0.024514376,
        0.034285332,
        0.025266616000000002,
        0.025114749000000002,
        0.024344007,
        0.024580948000000002,
        0.024589184,
        0.024769805000000002,
        0.024769592,
        0.024499236,
        0.026835497000000003,
        0.024319880000000002,
        0.024758347,
        0.024625491000000003,
        0.024477665000000003,
        0.024521921000000002,
        0.024465511000000002,
        0.025204217,
        0.025055427,
        0.024610174000000002,
        0.024506878000000003,
        0.024303349000000002,
        0.024901436000000002,
        0.024613143,
        0.024760414,
        0.024046133,
        0.024390838,
        0.025237801,
        0.025463716,
        0.025231203,
        0.024989202000000002,
        0.024857952000000003,
        0.025278635,
        0.024642664,
        0.024739189,
        0.025012883000000003,
        0.025309323,
        0.025169818,
        0.024411754,
        0.028650585000000003,
        0.025138789,
        0.024656654,
        0.025005264000000003,
        0.02436533,
        0.0253437,
        0.024417975,
        0.025218294000000002,
        0.024575168,
        0.024282082,
        0.025106601000000003,
        0.025224372000000002,
        0.024298907,
        0.024825189,
        0.025067497,
        0.02514455,
        0.025492194000000003,
        0.024412978000000002,
        0.024447002000000002,
        0.025067301,
        0.025259445000000002,
        0.024877257,
        0.024112984,
        0.024855321000000003,
        0.02502166,
        0.026357499000000003,
        0.025774711000000002,
        0.024515787,
        0.024753533,
        0.025460188,
        0.026261200000000002,
        0.025283791,
        0.024547833,
        0.024697103,
        0.024284646,
        0.025373045,
        0.025065757,
        0.024799034,
        0.025367690000000002,
        0.024645412000000002,
        0.024813096000000003,
        0.024625659,
        0.024881630000000002,
        0.024848210000000003,
        0.025018574000000002,
        0.024339545,
        0.025002036000000002
      ],
      "exit_codes": [
        0,
        0,
        0,
        0,
        0,
        0,
        0,
        0,
        0,
        0,
        0,
        0,
        0,
        0,
        0,
        0,
        0,
        0,
        0,
        0,
        0,
        0,
        0,
        0,
        0,
        0,
        0,
        0,
        0,
        0,
        0,
        0,
        0,
        0,
        0,
        0,
        0,
        0,
        0,
        0,
        0,
        0,
        0,
        0,
        0,
        0,
        0,
        0,
        0,
        0,
        0,
        0,
        0,
        0,
        0,
        0,
        0,
        0,
        0,
        0,
        0,
        0,
        0,
        0,
        0,
        0,
        0,
        0,
        0,
        0,
        0,
        0,
        0,
        0,
        0,
        0,
        0,
        0,
        0,
        0,
        0,
        0,
        0,
        0,
        0,
        0,
        0,
        0,
        0,
        0,
        0,
        0,
        0,
        0,
        0,
        0,
        0,
        0,
        0,
        0,
        0,
        0,
        0,
        0,
        0,
        0,
        0,
        0,
        0,
        0,
        0,
        0,
        0,
        0,
        0,
        0,
        0,
        0
      ]
    }
  ]
}
