{
  "results": [
    {
      "command": "asdf reshim",
      "mean": 2.2360008006,
      "stddev": 0.014068906671142842,
      "median": 2.235541198,
      "user": 1.9936857,
      "system": 0.4859464,
      "min": 2.208181877,
      "max": 2.264940289,
      "times": [
        2.231960154,
        2.239129639,
        2.208181877,
        2.264940289,
        2.232874113,
        2.234210529,
        2.229342886,
        2.236871867,
        2.245170276,
        2.237326376
      ],
      "exit_codes": [
        0,
        0,
        0,
        0,
        0,
        0,
        0,
        0,
        0,
        0
      ]
    }
  ]
}
